serialNumber,first_name,last_name,email,gender,ip_address
1,Matthias,Harriot,mharriot0@moonfruit.com,Male,39.149.204.37
2,Margarete,Trenoweth,mtrenoweth1@latimes.com,Female,162.46.235.201
3,Arvie,Rickman,arickman2@eventbrite.com,Male,159.206.105.79
4,Felicity,Fehely,ffehely3@elegantthemes.com,Female,138.164.199.16
5,Eddi,Kettridge,ekettridge4@cpanel.net,Female,131.117.180.85
6,Ethel,Isaksson,eisaksson5@odnoklassniki.ru,Female,20.72.96.75
7,Godard,Dunridge,gdunridge6@dailymail.co.uk,Male,204.136.249.84
8,Hagan,Upfold,hupfold7@bandcamp.com,Male,92.43.24.244
9,Isabelle,Cosslett,icosslett8@cisco.com,Female,156.149.157.15
10,Pearla,Southerill,psoutherill9@unicef.org,Female,180.5.29.128
11,Carmine,Dymidowicz,cdymidowicza@disqus.com,Male,23.122.179.122
12,Kelsy,Chillistone,kchillistoneb@nifty.com,Female,92.125.77.72
13,Shauna,Shakelade,sshakeladec@istockphoto.com,Female,80.151.19.167
14,Lauryn,Slesser,lslesserd@elpais.com,Polygender,130.225.100.137
15,Jacquetta,Rodolfi,jrodolfie@google.co.uk,Female,212.148.205.114
16,Stefa,Hansen,shansenf@wordpress.org,Bigender,177.109.108.196
17,Arv,Breens,abreensg@oakley.com,Male,179.111.120.51
18,Berti,Leonardi,bleonardih@addtoany.com,Female,243.244.162.188
19,Quinlan,Pyford,qpyfordi@intel.com,Male,132.11.22.124
20,Mariam,Primrose,mprimrosej@deviantart.com,Female,122.52.235.92
21,Sigismundo,Henriques,shenriquesk@washingtonpost.com,Male,46.96.237.161
22,Marley,Kubas,mkubasl@newyorker.com,Female,141.51.178.95
23,Arabella,Cheal,achealm@cdc.gov,Female,99.202.108.113
24,Gery,Dumblton,gdumbltonn@cnbc.com,Male,238.228.203.129
25,See,Ferreli,sferrelio@psu.edu,Male,115.231.153.30
26,Amye,Dearlove,adearlovep@blogger.com,Female,187.253.55.230
27,Jeremie,O' Kelleher,jokelleherq@ow.ly,Male,181.206.145.41
28,Nefen,Trousdale,ntrousdaler@posterous.com,Male,110.150.125.66
29,Link,Keane,lkeanes@harvard.edu,Male,221.135.42.21
30,Byrann,Shilburne,bshilburnet@netlog.com,Male,194.48.98.159
31,Octavius,Darton,odartonu@seesaa.net,Male,20.146.9.227
32,Cecilio,Conisbee,cconisbeev@rakuten.co.jp,Non-binary,135.5.8.131
33,Jere,Jeppensen,jjeppensenw@dailymotion.com,Female,217.181.251.228
34,Calv,Jersh,cjershx@wunderground.com,Male,120.104.121.188
35,Tailor,Schellig,tschelligy@facebook.com,Male,127.159.181.122
36,Angelica,Gresham,agreshamz@odnoklassniki.ru,Female,253.174.229.54
37,Shani,Collimore,scollimore10@feedburner.com,Polygender,27.191.119.131
38,Celestyna,Story,cstory11@nbcnews.com,Genderqueer,193.159.219.145
39,Demetra,Allwright,dallwright12@chron.com,Female,253.151.222.64
40,Constantin,Ingleston,cingleston13@squidoo.com,Male,255.40.141.7
41,Bond,Coneley,bconeley14@ibm.com,Male,133.204.80.77
42,Fanchette,McCaighey,fmccaighey15@tuttocitta.it,Female,213.190.160.246
43,Thekla,Stainton,tstainton16@unblog.fr,Female,25.45.195.203
44,Darius,Winterbourne,dwinterbourne17@independent.co.uk,Male,74.92.180.157
45,Jasun,Ronnay,jronnay18@parallels.com,Male,199.89.215.1
46,Wendi,Gofton,wgofton19@cnn.com,Female,193.217.80.134
47,Sharyl,Weld,sweld1a@51.la,Female,47.89.152.52
48,Lyndel,Haruard,lharuard1b@alexa.com,Female,85.244.52.232
49,Bernadette,Gadson,bgadson1c@census.gov,Female,107.220.71.240
50,Edik,Valde,evalde1d@cafepress.com,Male,215.125.81.128
51,Pauli,Farrance,pfarrance1e@parallels.com,Female,46.8.55.201
52,Heloise,Cominetti,hcominetti1f@state.gov,Female,3.243.108.180
53,Nigel,Tytcomb,ntytcomb1g@addtoany.com,Male,28.203.216.232
54,Nicholle,Axleby,naxleby1h@pagesperso-orange.fr,Female,171.60.45.41
55,Theodora,Mallon,tmallon1i@symantec.com,Female,75.217.192.236
56,Danie,Mylan,dmylan1j@nsw.gov.au,Male,0.57.26.67
57,Vanna,Corrao,vcorrao1k@baidu.com,Female,192.115.245.208
58,Clayton,Jobling,cjobling1l@google.co.uk,Polygender,141.95.8.106
59,Augusto,Smooth,asmooth1m@woothemes.com,Bigender,168.31.70.200
60,Yorgo,Oliveto,yoliveto1n@amazon.com,Male,125.55.141.77
61,Aryn,Rapsey,arapsey1o@forbes.com,Polygender,67.96.141.171
62,Ortensia,Manifold,omanifold1p@intel.com,Female,35.68.171.50
63,Lorianne,Tumayan,ltumayan1q@mtv.com,Female,94.66.88.54
64,Hermina,Brawson,hbrawson1r@blogs.com,Female,30.0.104.90
65,Robinett,Van der Brug,rvanderbrug1s@merriam-webster.com,Female,255.106.230.160
66,Janelle,Tait,jtait1t@devhub.com,Female,49.168.15.236
67,Henderson,Fobidge,hfobidge1u@blogger.com,Polygender,254.20.77.82
68,Jarret,Fitchew,jfitchew1v@weather.com,Male,140.130.171.209
69,Jose,Cansfield,jcansfield1w@economist.com,Male,30.125.216.1
70,Darius,Puxley,dpuxley1x@youtube.com,Male,105.64.99.43
71,Quintus,Brussels,qbrussels1y@ca.gov,Male,172.169.181.4
72,Perle,Foker,pfoker1z@mashable.com,Female,112.74.247.104
73,Kane,Edser,kedser20@mac.com,Male,255.10.33.115
74,Basil,Kiehnlt,bkiehnlt21@people.com.cn,Male,226.132.52.186
75,Elana,Hamstead,ehamstead22@ucla.edu,Female,105.209.133.217
76,Crawford,Oubridge,coubridge23@cbc.ca,Male,40.182.155.217
77,Philippe,Brunn,pbrunn24@theguardian.com,Female,61.85.132.47
78,Brittne,Branney,bbranney25@jugem.jp,Female,60.3.72.193
79,Shantee,Flahy,sflahy26@drupal.org,Female,176.192.250.2
80,Cheston,Perford,cperford27@example.com,Male,56.46.61.10
81,Chariot,McCracken,cmccracken28@earthlink.net,Male,176.188.91.31
82,Christiana,Beldham,cbeldham29@cbc.ca,Female,94.19.28.151
83,Pascal,Cahan,pcahan2a@ocn.ne.jp,Male,87.227.155.106
84,Dorotea,Hencke,dhencke2b@godaddy.com,Female,192.74.65.247
85,Delmar,Hessenthaler,dhessenthaler2c@t.co,Non-binary,255.45.245.70
86,Celestyn,Cordoba,ccordoba2d@nasa.gov,Female,171.238.181.212
87,Norbert,Talbot,ntalbot2e@liveinternet.ru,Male,160.125.83.229
88,Seka,Wittleton,swittleton2f@edublogs.org,Female,177.185.7.114
89,Blane,Vorley,bvorley2g@oaic.gov.au,Male,106.168.193.15
90,Hinze,Hughs,hhughs2h@gov.uk,Male,202.164.96.20
91,Hi,Di Nisco,hdinisco2i@moonfruit.com,Male,231.1.195.52
92,Nathanil,Shilito,nshilito2j@theguardian.com,Genderqueer,214.236.129.199
93,Immanuel,Mathiasen,imathiasen2k@tripadvisor.com,Male,237.235.155.137
94,Jamey,Talks,jtalks2l@baidu.com,Male,201.156.205.12
95,Cristobal,Thunderman,cthunderman2m@adobe.com,Male,231.204.245.193
96,Glynis,MacMychem,gmacmychem2n@slate.com,Female,239.85.32.200
97,Kerrie,Mcall,kmcall2o@kickstarter.com,Female,100.216.231.59
98,Evelyn,Allett,eallett2p@thetimes.co.uk,Male,196.11.235.170
99,Alecia,Lowbridge,alowbridge2q@nih.gov,Female,14.244.74.53
100,Amitie,Wreight,awreight2r@va.gov,Female,161.74.55.52
101,Reggi,Sprules,rsprules2s@google.de,Female,113.134.55.11
102,Mil,Stapleford,mstapleford2t@marriott.com,Female,131.81.251.15
103,Jaime,Dunridge,jdunridge2u@sitemeter.com,Female,210.100.230.61
104,Dela,Taggart,dtaggart2v@toplist.cz,Female,217.230.172.145
105,Norma,Bukowski,nbukowski2w@pagesperso-orange.fr,Female,53.3.35.199
106,Cherrita,Kharchinski,ckharchinski2x@rakuten.co.jp,Female,49.111.195.84
107,Culver,Sofe,csofe2y@discuz.net,Male,247.128.251.163
108,Thalia,Laingmaid,tlaingmaid2z@jugem.jp,Female,224.136.168.241
109,Terrell,Sheardown,tsheardown30@amazon.co.uk,Agender,220.47.233.155
110,Wendy,Bagge,wbagge31@amazon.de,Female,115.161.13.31
111,Wynne,Staley,wstaley32@canalblog.com,Non-binary,111.81.18.226
112,Gennie,Dulany,gdulany33@accuweather.com,Female,183.91.173.220
113,Anselm,Sheering,asheering34@odnoklassniki.ru,Male,194.12.154.227
114,Caye,Shoreson,cshoreson35@google.de,Female,59.206.8.115
115,Mord,Brauns,mbrauns36@stanford.edu,Male,217.65.55.58
116,Hunter,Berrey,hberrey37@twitpic.com,Male,204.38.175.193
117,Andreas,Champagne,achampagne38@sphinn.com,Male,228.40.24.163
118,Ulla,Arkow,uarkow39@deviantart.com,Agender,141.102.147.242
119,Babbie,Albasini,balbasini3a@deviantart.com,Female,153.141.135.108
120,Shari,Skelhorn,sskelhorn3b@phpbb.com,Female,101.240.109.80
121,Florry,Kervin,fkervin3c@sphinn.com,Female,73.126.98.119
122,Zebadiah,McKnish,zmcknish3d@shop-pro.jp,Male,5.120.102.69
123,Edgardo,Hatchette,ehatchette3e@indiegogo.com,Male,10.140.227.27
124,Ermin,Fardo,efardo3f@wufoo.com,Genderqueer,152.35.186.184
125,Barny,Curee,bcuree3g@psu.edu,Male,230.175.50.82
126,Findley,Rosenshine,frosenshine3h@topsy.com,Male,228.108.110.27
127,Juli,Magauran,jmagauran3i@joomla.org,Female,0.191.244.248
128,Minnnie,Waldocke,mwaldocke3j@prnewswire.com,Female,63.5.148.160
129,Knox,Jeffcoate,kjeffcoate3k@ask.com,Male,237.190.204.198
130,Addison,Jaquest,ajaquest3l@yelp.com,Male,238.63.53.184
131,Kile,Barnardo,kbarnardo3m@usa.gov,Male,72.89.147.125
132,Pacorro,Form,pform3n@army.mil,Male,48.241.49.36
133,Mada,Roydon,mroydon3o@tripadvisor.com,Female,22.115.218.183
134,Shelbi,Elvin,selvin3p@intel.com,Female,231.11.252.220
135,Brittan,Donn,bdonn3q@elpais.com,Female,50.50.92.147
136,Nedi,Olligan,nolligan3r@youtu.be,Female,48.36.178.33
137,Corney,Bagniuk,cbagniuk3s@simplemachines.org,Male,59.221.38.136
138,Vachel,Navan,vnavan3t@themeforest.net,Male,3.21.242.45
139,Letti,Doni,ldoni3u@amazon.co.jp,Female,84.255.181.191
140,Nat,Wardington,nwardington3v@senate.gov,Male,205.111.207.181
141,Alane,Horick,ahorick3w@bizjournals.com,Female,73.146.251.123
142,Rosy,Binne,rbinne3x@senate.gov,Female,133.60.148.12
143,Brett,Goldis,bgoldis3y@w3.org,Female,42.5.228.113
144,Kelwin,Reddish,kreddish3z@google.ca,Male,122.147.39.125
145,Serena,Bottrill,sbottrill40@msn.com,Female,3.5.254.75
146,Derrek,Sleeny,dsleeny41@webmd.com,Male,116.96.79.8
147,Jaime,Stoffler,jstoffler42@vkontakte.ru,Female,238.74.167.244
148,Elizabet,Glaysher,eglaysher43@1688.com,Female,241.206.77.116
149,Diego,Dono,ddono44@huffingtonpost.com,Male,23.2.87.120
150,Jasper,Lasselle,jlasselle45@state.tx.us,Male,151.100.13.236
151,Alli,Valens-Smith,avalenssmith46@un.org,Female,188.211.1.134
152,Reese,Mace,rmace47@bravesites.com,Male,82.92.203.69
153,Kale,Kermitt,kkermitt48@tripadvisor.com,Male,125.242.36.184
154,Denver,Benedite,dbenedite49@go.com,Male,213.39.92.190
155,Bartie,Garm,bgarm4a@1688.com,Male,34.43.203.85
156,Geoffry,Ashford,gashford4b@friendfeed.com,Male,170.133.208.241
157,Quintilla,Carabine,qcarabine4c@cnet.com,Female,117.200.221.228
158,Normie,Biglin,nbiglin4d@symantec.com,Male,11.54.19.12
159,Linn,Slorance,lslorance4e@chron.com,Male,145.205.251.77
160,Candice,Streak,cstreak4f@indiatimes.com,Female,23.126.241.45
161,Deloris,Rollins,drollins4g@wunderground.com,Female,56.231.25.35
162,Brigida,Overall,boverall4h@google.nl,Female,199.78.2.49
163,Lise,Kloser,lkloser4i@ezinearticles.com,Female,59.160.203.175
164,Ronald,Eberz,reberz4j@purevolume.com,Male,59.27.242.124
165,Mireielle,Ferbrache,mferbrache4k@creativecommons.org,Female,20.10.62.103
166,Roley,Beeswing,rbeeswing4l@reference.com,Male,160.159.157.105
167,Teodor,Hannaford,thannaford4m@kickstarter.com,Male,255.23.249.127
168,Lira,Lawfull,llawfull4n@dagondesign.com,Female,44.70.18.10
169,Wanda,Kerfod,wkerfod4o@sciencedirect.com,Female,210.229.165.118
170,Sophey,Spooner,sspooner4p@mac.com,Female,147.147.189.71
171,Darrin,Bea,dbea4q@nps.gov,Male,248.50.144.173
172,Rafferty,Matson,rmatson4r@webeden.co.uk,Male,200.137.168.114
173,Fredia,Hordle,fhordle4s@squidoo.com,Female,141.166.115.39
174,Virgilio,Clouston,vclouston4t@issuu.com,Male,39.42.45.117
175,Kyrstin,Oby,koby4u@istockphoto.com,Female,22.221.246.3
176,Gay,Dyers,gdyers4v@redcross.org,Male,94.1.107.233
177,Trescha,Cleugh,tcleugh4w@weebly.com,Female,214.59.79.184
178,Stanfield,Dive,sdive4x@t.co,Male,55.183.115.154
179,Brandyn,Horry,bhorry4y@gizmodo.com,Male,210.230.52.194
180,Elinor,Darnbrough,edarnbrough4z@illinois.edu,Female,95.104.109.238
181,Frank,Trayes,ftrayes50@histats.com,Female,177.232.80.248
182,Vaughan,Kilmister,vkilmister51@tinyurl.com,Male,155.20.235.221
183,Catherine,Kiendl,ckiendl52@360.cn,Female,87.220.162.75
184,Aila,Tomblin,atomblin53@studiopress.com,Female,205.230.89.47
185,Brice,Reinhart,breinhart54@phoca.cz,Male,75.119.64.207
186,Osbert,Partner,opartner55@unblog.fr,Male,146.159.128.224
187,Angie,Grahlman,agrahlman56@joomla.org,Female,104.156.193.127
188,Kalil,Asey,kasey57@ihg.com,Male,201.84.254.60
189,Chrisy,Habens,chabens58@altervista.org,Male,69.22.70.179
190,Sofia,Hirjak,shirjak59@spiegel.de,Female,125.226.35.218
191,Raina,Van der Velden,rvandervelden5a@nbcnews.com,Female,101.57.216.114
192,Haroun,Iacabucci,hiacabucci5b@free.fr,Genderfluid,3.106.83.54
193,Vivianne,Minett,vminett5c@sun.com,Female,187.208.49.92
194,Melessa,Vargas,mvargas5d@blogtalkradio.com,Female,215.96.85.59
195,Maury,Balham,mbalham5e@joomla.org,Male,45.37.8.50
196,Othilia,Bergeon,obergeon5f@blinklist.com,Female,99.203.63.187
197,Rosamund,Shalcras,rshalcras5g@facebook.com,Female,42.120.165.172
198,Annis,Lazenbury,alazenbury5h@gmpg.org,Female,126.79.186.238
199,Kincaid,Askaw,kaskaw5i@senate.gov,Male,32.45.40.186
200,Nobe,Ortiga,nortiga5j@mit.edu,Male,108.219.131.64
201,Katee,Gallehawk,kgallehawk5k@surveymonkey.com,Female,176.161.154.132
202,Hurley,Cultcheth,hcultcheth5l@linkedin.com,Male,39.233.181.245
203,Slade,Kensall,skensall5m@oakley.com,Male,154.137.175.104
204,Travus,Findlater,tfindlater5n@facebook.com,Male,128.215.203.22
205,Benni,Daburn,bdaburn5o@tinyurl.com,Female,188.204.55.217
206,Prentice,Rabbitt,prabbitt5p@instagram.com,Male,92.186.244.108
207,Colman,Walicki,cwalicki5q@macromedia.com,Male,36.202.52.84
208,Aleda,Nellis,anellis5r@foxnews.com,Female,81.2.52.92
209,Mariam,Urpeth,murpeth5s@macromedia.com,Female,20.255.129.120
210,Nariko,Lendon,nlendon5t@bloglines.com,Female,162.199.206.195
211,Xaviera,Craghead,xcraghead5u@elegantthemes.com,Female,21.184.232.70
212,Cam,Del Monte,cdelmonte5v@webs.com,Male,252.188.26.148
213,Hana,Ethelston,hethelston5w@forbes.com,Female,197.233.240.214
214,Josi,Caldecourt,jcaldecourt5x@who.int,Genderqueer,67.144.217.195
215,Caprice,Maior,cmaior5y@virginia.edu,Female,144.178.246.15
216,Clare,Hargess,chargess5z@go.com,Female,205.246.153.62
217,Kerrill,Cardello,kcardello60@google.com.hk,Female,80.184.166.118
218,Brant,Lynd,blynd61@admin.ch,Male,22.47.162.144
219,Maegan,Fugere,mfugere62@google.ca,Female,242.151.253.51
220,Colver,Iglesias,ciglesias63@miitbeian.gov.cn,Male,202.246.243.161
221,Abigale,MacGuigan,amacguigan64@dropbox.com,Female,158.30.19.247
222,Morten,Wildor,mwildor65@vkontakte.ru,Male,151.160.131.17
223,Alanson,Pragnell,apragnell66@reference.com,Male,131.26.124.136
224,Mufinella,Impy,mimpy67@a8.net,Female,214.136.118.60
225,Elyse,Hacket,ehacket68@trellian.com,Female,207.191.141.241
226,Ruthy,Elstow,relstow69@unesco.org,Female,189.2.174.28
227,Yank,Le Brum,ylebrum6a@drupal.org,Male,244.64.191.107
228,Dicky,Adolf,dadolf6b@edublogs.org,Male,69.140.2.212
229,Elie,Braizier,ebraizier6c@cargocollective.com,Female,209.128.192.228
230,Artur,Healing,ahealing6d@yellowpages.com,Male,107.103.70.25
231,Lennie,Arnely,larnely6e@livejournal.com,Male,46.254.42.191
232,Keelia,Benedick,kbenedick6f@jigsy.com,Female,123.254.57.17
233,Daisey,Osgar,dosgar6g@addthis.com,Female,4.218.194.58
234,Iorgo,Jefferys,ijefferys6h@elegantthemes.com,Male,238.250.143.168
235,Wynny,O'Mahoney,womahoney6i@wix.com,Female,231.157.109.224
236,Meggie,Houldey,mhouldey6j@163.com,Female,158.167.200.236
237,Kerry,Lippi,klippi6k@geocities.jp,Male,53.212.50.249
238,Sayres,Goodrick,sgoodrick6l@livejournal.com,Male,174.66.49.225
239,Simonne,Harwick,sharwick6m@twitter.com,Female,132.121.80.97
240,Edeline,MacAlester,emacalester6n@ft.com,Female,169.21.133.40
241,Skippie,Sallans,ssallans6o@gravatar.com,Male,134.230.182.34
242,Hendrik,Clubley,hclubley6p@engadget.com,Male,93.55.165.33
243,Toma,Wixon,twixon6q@newyorker.com,Female,49.96.113.40
244,Nyssa,Pauwel,npauwel6r@fotki.com,Female,152.43.88.95
245,Phylis,Ghidetti,pghidetti6s@qq.com,Female,172.251.61.84
246,Gerti,Barszczewski,gbarszczewski6t@blogger.com,Female,188.182.186.48
247,Melva,Ludmann,mludmann6u@rediff.com,Female,150.137.228.136
248,Skye,Egleton,segleton6v@zdnet.com,Male,143.38.91.92
249,Reena,Murgatroyd,rmurgatroyd6w@free.fr,Female,51.138.43.232
250,Rozanna,Morcom,rmorcom6x@trellian.com,Female,129.90.201.27
251,Karoline,Millhouse,kmillhouse6y@marriott.com,Female,50.51.239.51
252,Kennedy,Sanz,ksanz6z@instagram.com,Male,3.71.117.43
253,Idelle,Hargerie,ihargerie70@icio.us,Female,104.173.165.56
254,Niles,Boots,nboots71@boston.com,Male,234.231.158.49
255,Trefor,Navein,tnavein72@geocities.jp,Male,230.100.163.110
256,Trudie,McElane,tmcelane73@about.me,Female,130.129.21.115
257,Delora,Noddles,dnoddles74@apache.org,Female,92.18.243.87
258,Bettina,Langmead,blangmead75@hubpages.com,Female,26.191.213.21
259,Dwayne,Andryszczak,dandryszczak76@amazon.co.uk,Male,227.112.227.40
260,Joyce,Birrane,jbirrane77@un.org,Female,162.20.224.108
261,Celka,Daintry,cdaintry78@sina.com.cn,Female,196.125.103.229
262,Elijah,Bucky,ebucky79@wiley.com,Male,76.188.116.168
263,Eb,Beek,ebeek7a@nasa.gov,Male,140.248.226.40
264,Rosette,Cammiemile,rcammiemile7b@issuu.com,Female,0.36.247.234
265,Isidro,Maris,imaris7c@bravesites.com,Agender,79.34.182.100
266,Reilly,Horlick,rhorlick7d@jigsy.com,Male,131.22.5.152
267,Joane,Dubose,jdubose7e@digg.com,Female,72.95.203.202
268,Bronnie,Biaggioni,bbiaggioni7f@tiny.cc,Male,80.40.8.195
269,Wiley,Forton,wforton7g@virginia.edu,Male,188.98.188.201
270,Tobit,Eveleigh,teveleigh7h@usda.gov,Male,40.192.173.95
271,Sherlocke,Beardsdale,sbeardsdale7i@ihg.com,Male,197.102.51.170
272,Cleavland,Acey,cacey7j@devhub.com,Male,79.76.76.29
273,Evie,Le Lievre,elelievre7k@topsy.com,Female,148.202.16.99
274,Darin,Mucillo,dmucillo7l@answers.com,Male,33.253.101.7
275,Cynthy,Bould,cbould7m@t.co,Female,98.110.173.128
276,Bobby,Scarffe,bscarffe7n@nih.gov,Male,84.166.8.203
277,Sherill,Hursey,shursey7o@mapquest.com,Female,238.188.99.109
278,Fulton,Aleksandrov,faleksandrov7p@yelp.com,Male,199.193.13.63
279,Luther,Hedde,lhedde7q@nhs.uk,Male,113.208.89.174
280,Valera,Tonna,vtonna7r@hc360.com,Genderfluid,115.226.247.15
281,Ermanno,Dronsfield,edronsfield7s@dyndns.org,Male,24.183.158.249
282,Ange,Kaasman,akaasman7t@jugem.jp,Female,155.131.55.68
283,Frants,Fibbings,ffibbings7u@wikia.com,Male,157.64.100.89
284,Kasey,Bendig,kbendig7v@pcworld.com,Female,79.25.206.59
285,Alano,Nassi,anassi7w@google.com.au,Male,160.207.48.195
286,Josias,MacGowing,jmacgowing7x@qq.com,Male,58.33.97.174
287,Jessi,Wasbrough,jwasbrough7y@is.gd,Female,107.157.205.193
288,Midge,Durie,mdurie7z@reuters.com,Female,247.164.189.22
289,Rey,Izkovicz,rizkovicz80@alibaba.com,Male,190.2.101.122
290,Asia,Wheeliker,awheeliker81@vkontakte.ru,Female,23.83.122.218
291,Ree,Brooke,rbrooke82@storify.com,Female,227.225.99.174
292,Steward,Esmonde,sesmonde83@prweb.com,Male,202.117.87.192
293,Durand,Tuxwell,dtuxwell84@usgs.gov,Male,128.35.85.240
294,Dougie,Burdytt,dburdytt85@abc.net.au,Male,57.90.203.237
295,Ferdinanda,Mabee,fmabee86@spotify.com,Female,80.35.141.84
296,Jillian,Longstaff,jlongstaff87@irs.gov,Female,238.175.37.46
297,Carin,Hemshall,chemshall88@homestead.com,Female,106.117.83.198
298,Atlanta,Witheford,awitheford89@wisc.edu,Female,147.44.165.6
299,Tedda,Thirlwell,tthirlwell8a@princeton.edu,Female,0.93.160.203
300,Levin,Shalliker,lshalliker8b@histats.com,Male,191.170.140.249
301,Duane,Arnaudi,darnaudi8c@cornell.edu,Male,31.82.81.77
302,Ailbert,Creebo,acreebo8d@apache.org,Male,136.76.12.165
303,Rustie,Clarridge,rclarridge8e@ftc.gov,Male,146.74.18.93
304,Daisi,Givens,dgivens8f@macromedia.com,Female,135.123.66.153
305,Christopher,Stit,cstit8g@feedburner.com,Male,238.57.95.68
306,Dorise,Alishoner,dalishoner8h@twitter.com,Female,137.136.151.161
307,Clemmie,Torry,ctorry8i@msu.edu,Genderfluid,135.119.135.223
308,Kellyann,Colvie,kcolvie8j@weebly.com,Female,87.27.154.183
309,Trumann,Jankowski,tjankowski8k@si.edu,Male,212.128.49.128
310,Jessee,Aleshintsev,jaleshintsev8l@mlb.com,Male,94.183.143.27
311,Ariel,Mulqueeny,amulqueeny8m@alexa.com,Female,244.115.233.167
312,Sophi,Joblin,sjoblin8n@earthlink.net,Female,25.205.35.58
313,Orrin,Vokins,ovokins8o@ucla.edu,Male,68.162.55.137
314,Hershel,Jennemann,hjennemann8p@dell.com,Male,60.174.19.12
315,Link,Cuckson,lcuckson8q@twitpic.com,Male,66.46.235.2
316,Shayne,Forsdicke,sforsdicke8r@kickstarter.com,Male,189.86.92.38
317,Florri,McCartan,fmccartan8s@blogtalkradio.com,Non-binary,155.36.112.18
318,Marcie,Delf,mdelf8t@nih.gov,Female,31.57.244.222
319,Luca,Kamenar,lkamenar8u@icq.com,Male,212.102.82.65
320,Susan,Barnfather,sbarnfather8v@people.com.cn,Female,51.231.184.1
321,Sullivan,Selwyn,sselwyn8w@jalbum.net,Male,67.222.209.196
322,Mehetabel,Snalom,msnalom8x@nationalgeographic.com,Female,246.200.105.19
323,Luca,Trahearn,ltrahearn8y@paypal.com,Non-binary,30.114.166.199
324,Dunstan,Halliberton,dhalliberton8z@wikipedia.org,Male,77.188.221.91
325,Demetri,Losseljong,dlosseljong90@vkontakte.ru,Male,102.153.144.180
326,Maryjane,Shout,mshout91@tmall.com,Female,147.174.247.110
327,Antonietta,Friedman,afriedman92@canalblog.com,Female,189.76.75.150
328,Alfi,Danilyuk,adanilyuk93@geocities.com,Female,123.186.249.12
329,Ignaz,Kellart,ikellart94@com.com,Male,10.235.28.62
330,Celine,Darcy,cdarcy95@sogou.com,Polygender,236.168.238.136
331,Bernette,Shaxby,bshaxby96@weather.com,Polygender,249.163.127.190
332,Sigrid,Winn,swinn97@zimbio.com,Female,149.129.92.222
333,Brenda,Timothy,btimothy98@nifty.com,Female,226.190.232.215
334,Robbin,Gumm,rgumm99@shop-pro.jp,Female,61.180.40.9
335,Mehetabel,Becken,mbecken9a@ifeng.com,Female,142.10.179.239
336,Ollie,Allatt,oallatt9b@washington.edu,Female,253.44.119.4
337,Maddie,Balnave,mbalnave9c@fc2.com,Female,222.80.66.99
338,Gwen,Reppaport,greppaport9d@parallels.com,Genderqueer,54.85.81.74
339,Gayla,Matzke,gmatzke9e@nymag.com,Female,134.232.13.133
340,Tasha,Dealey,tdealey9f@admin.ch,Female,15.177.38.49
341,Joscelin,Martellini,jmartellini9g@latimes.com,Female,36.86.24.126
342,Pamela,Malecky,pmalecky9h@berkeley.edu,Female,33.20.157.34
343,Corrianne,Howles,chowles9i@ebay.com,Female,127.72.213.88
344,Jacintha,Wyse,jwyse9j@usda.gov,Female,248.89.161.70
345,Greg,Dodge,gdodge9k@google.com.br,Male,81.229.220.147
346,Niels,Cornelleau,ncornelleau9l@craigslist.org,Male,203.187.54.100
347,Rosabelle,Flamank,rflamank9m@scribd.com,Female,210.11.16.90
348,Sayre,Giacobini,sgiacobini9n@nba.com,Female,121.3.28.142
349,Averil,Holme,aholme9o@columbia.edu,Male,191.52.57.210
350,Jorge,Klaff,jklaff9p@yale.edu,Male,118.212.114.42
351,Eda,Toopin,etoopin9q@theguardian.com,Non-binary,138.8.42.5
352,Janine,Paulou,jpaulou9r@weebly.com,Female,83.78.22.183
353,Shauna,Ancliff,sancliff9s@umn.edu,Female,204.84.107.22
354,Wynny,Monan,wmonan9t@ustream.tv,Female,232.193.136.242
355,Jeanette,Shreeve,jshreeve9u@goo.ne.jp,Female,182.120.36.57
356,Lidia,Kiessel,lkiessel9v@mit.edu,Female,105.163.202.174
357,Eveleen,Shill,eshill9w@people.com.cn,Female,192.163.230.198
358,Nichol,Kigelman,nkigelman9x@merriam-webster.com,Female,15.221.49.102
359,Stacee,Beaze,sbeaze9y@jugem.jp,Male,65.161.68.163
360,Sigismund,Szwandt,sszwandt9z@alibaba.com,Male,6.72.171.153
361,Crystie,Olivo,colivoa0@gnu.org,Female,208.127.180.216
362,Worth,Girodon,wgirodona1@phpbb.com,Male,116.87.157.241
363,Marieann,Steinor,msteinora2@devhub.com,Female,188.109.42.138
364,Silvana,Tourot,stourota3@technorati.com,Female,76.109.214.170
365,Valery,Dyne,vdynea4@arstechnica.com,Female,59.74.231.252
366,Silvan,Glasard,sglasarda5@cafepress.com,Male,224.33.116.87
367,Mathe,Bullock,mbullocka6@dailymail.co.uk,Male,153.49.108.236
368,Orelee,Metherell,ometherella7@ox.ac.uk,Female,145.157.200.45
369,Elliot,Lamps,elampsa8@nature.com,Male,138.190.236.146
370,Jacob,Attkins,jattkinsa9@mashable.com,Male,0.100.51.176
371,Joeann,Klimentyev,jklimentyevaa@wix.com,Female,169.110.156.243
372,Lilli,Reisenstein,lreisensteinab@businessinsider.com,Female,15.56.2.8
373,Austine,de Lloyd,adelloydac@imdb.com,Female,207.249.131.130
374,Karlens,Gregg,kgreggad@oracle.com,Male,254.189.204.228
375,Steffen,Backshall,sbackshallae@etsy.com,Male,54.169.7.229
376,Lizabeth,McKeand,lmckeandaf@elegantthemes.com,Female,190.188.176.133
377,Magnum,Lermit,mlermitag@bluehost.com,Male,2.88.9.170
378,Tucky,Capstick,tcapstickah@cargocollective.com,Male,121.197.79.184
379,Parry,Torbett,ptorbettai@youtu.be,Male,123.78.106.193
380,Caitrin,Messham,cmesshamaj@tinyurl.com,Female,193.242.152.97
381,Clarisse,Vannoort,cvannoortak@clickbank.net,Genderfluid,150.242.170.71
382,Jacquelyn,Colgan,jcolganal@blogspot.com,Female,231.75.22.45
383,Velma,Pavitt,vpavittam@a8.net,Female,92.158.190.133
384,Dallas,Levesque,dlevesquean@51.la,Male,25.164.151.123
385,Englebert,Frost,efrostao@prlog.org,Male,64.35.198.65
386,Walt,MacRonald,wmacronaldap@cbslocal.com,Male,118.190.1.23
387,Teressa,Beauvais,tbeauvaisaq@howstuffworks.com,Female,52.138.129.208
388,Mureil,Glancey,mglanceyar@skyrock.com,Female,241.159.146.71
389,Felisha,Tunder,ftunderas@icio.us,Female,22.46.125.199
390,Dennet,Frounks,dfrounksat@oaic.gov.au,Male,193.197.87.167
391,Natassia,Niessen,nniessenau@istockphoto.com,Female,244.22.214.35
392,Skyler,Patis,spatisav@macromedia.com,Male,238.147.25.64
393,Timi,Wimpenny,twimpennyaw@ftc.gov,Polygender,235.75.5.217
394,Marlyn,Coulman,mcoulmanax@tamu.edu,Female,159.142.78.134
395,Bianca,McGaffey,bmcgaffeyay@kickstarter.com,Bigender,64.6.33.81
396,Binky,Standfield,bstandfieldaz@mozilla.org,Male,132.117.19.196
397,Bamby,Dunabie,bdunabieb0@eventbrite.com,Female,232.248.45.209
398,Lanie,Longea,llongeab1@who.int,Male,222.40.29.90
399,Yurik,Barrasse,ybarrasseb2@foxnews.com,Male,226.14.244.97
400,Jamil,Dufaire,jdufaireb3@msn.com,Male,84.139.165.132
401,Hedda,Brute,hbruteb4@businessweek.com,Female,142.237.101.57
402,Linell,Van Ross,lvanrossb5@amazon.co.jp,Genderfluid,90.136.156.20
403,Osborne,Heskins,oheskinsb6@live.com,Male,75.6.84.66
404,Alfonse,Postans,apostansb7@home.pl,Male,183.113.241.175
405,Adena,Chislett,achislettb8@paypal.com,Female,3.170.50.254
406,Siobhan,Reneke,srenekeb9@bloomberg.com,Female,111.24.246.93
407,Elisabetta,D'Souza,edsouzaba@unc.edu,Female,24.150.209.41
408,Gradeigh,Eadmeades,geadmeadesbb@sina.com.cn,Male,226.7.3.226
409,Xenos,Aspin,xaspinbc@tmall.com,Male,143.138.14.156
410,Skip,Pavia,spaviabd@alibaba.com,Agender,39.91.64.189
411,Myrlene,Joskowicz,mjoskowiczbe@quantcast.com,Female,125.137.110.204
412,Fredrick,Loton,flotonbf@wikispaces.com,Male,29.116.207.192
413,Sawyere,Usborn,susbornbg@furl.net,Male,44.86.114.178
414,Gary,Pattini,gpattinibh@exblog.jp,Male,34.159.244.49
415,Aila,Frobisher,afrobisherbi@shinystat.com,Polygender,190.167.189.93
416,Aloin,Laurenty,alaurentybj@loc.gov,Male,245.154.235.215
417,Elisabeth,Croydon,ecroydonbk@multiply.com,Female,62.118.141.69
418,Kienan,Secombe,ksecombebl@delicious.com,Male,88.186.124.183
419,Lilyan,Seger,lsegerbm@smh.com.au,Female,182.244.23.9
420,Katinka,Delucia,kdeluciabn@naver.com,Female,71.170.215.45
421,Mikol,Lugden,mlugdenbo@gnu.org,Male,230.116.148.86
422,Chris,Hub,chubbp@cbc.ca,Male,147.215.32.140
423,Marne,Cordeau],mcordeaubq@cnbc.com,Female,9.64.71.154
424,Erica,Meugens,emeugensbr@elpais.com,Female,241.61.14.61
425,Maxim,Pre,mprebs@state.gov,Male,165.201.160.55
426,Marty,D'Oyley,mdoyleybt@businesswire.com,Female,230.201.98.13
427,Aldric,O'Cooney,aocooneybu@ucla.edu,Male,148.100.24.74
428,Dame,Shelly,dshellybv@psu.edu,Male,78.156.23.90
429,Lucilia,Brokenbrow,lbrokenbrowbw@yellowbook.com,Female,66.21.92.27
430,Fons,Spurett,fspurettbx@apple.com,Male,173.158.59.62
431,Sutton,Schust,sschustby@npr.org,Male,66.173.63.192
432,Cornelius,Bricknall,cbricknallbz@washingtonpost.com,Bigender,252.53.53.219
433,Gaile,Bubbear,gbubbearc0@amazon.co.jp,Male,231.25.241.164
434,Niki,Odgaard,nodgaardc1@nytimes.com,Male,139.6.165.206
435,Olivier,Lowde,olowdec2@adobe.com,Male,163.246.190.180
436,Tommy,Gobolos,tgobolosc3@washington.edu,Female,216.192.91.139
437,Baxie,Isacq,bisacqc4@latimes.com,Male,133.155.2.169
438,Amara,Dixson,adixsonc5@webs.com,Female,84.148.51.76
439,Thomasa,Duiged,tduigedc6@barnesandnoble.com,Female,152.10.24.186
440,Reinold,Dimbylow,rdimbylowc7@acquirethisname.com,Male,111.28.46.70
441,Zelig,Benoi,zbenoic8@reddit.com,Genderqueer,191.173.62.151
442,Josefa,Bartak,jbartakc9@1688.com,Female,53.120.110.14
443,Auberta,Cheasman,acheasmanca@123-reg.co.uk,Female,63.239.224.50
444,Marney,Llorente,mllorentecb@jigsy.com,Female,191.186.187.195
445,Philly,Cicerone,pciceronecc@i2i.jp,Female,17.188.192.39
446,Fayette,Scurman,fscurmancd@ifeng.com,Genderqueer,135.239.176.124
447,Heidi,Beckhouse,hbeckhousece@nhs.uk,Female,239.203.42.147
448,Delcine,Dmitr,ddmitrcf@fema.gov,Female,186.117.205.78
449,Darin,Pache,dpachecg@seesaa.net,Male,201.151.211.52
450,Celie,Longlands,clonglandsch@godaddy.com,Female,183.67.14.24
451,Pyotr,Romney,promneyci@google.com.au,Male,242.155.110.231
452,Jason,Longhorne,jlonghornecj@apache.org,Male,90.212.89.158
453,Cesar,Reck,creckck@wunderground.com,Male,7.140.130.228
454,Fredelia,Kimbley,fkimbleycl@instagram.com,Female,144.150.23.96
455,Tania,Deaconson,tdeaconsoncm@netlog.com,Female,249.206.227.200
456,Janean,Poker,jpokercn@foxnews.com,Bigender,199.240.163.107
457,Biddy,Vynehall,bvynehallco@netscape.com,Female,115.201.198.166
458,Reinaldos,Clabburn,rclabburncp@engadget.com,Male,92.42.58.46
459,Bunnie,Gianuzzi,bgianuzzicq@census.gov,Female,130.96.101.164
460,Donavon,Glass,dglasscr@tuttocitta.it,Male,54.131.160.140
461,Stanislas,Gallier,sgalliercs@aboutads.info,Male,97.89.111.101
462,Gert,Beese,gbeesect@webeden.co.uk,Female,41.186.236.155
463,Milton,Beckley,mbeckleycu@google.de,Male,6.124.207.222
464,Alli,Sawl,asawlcv@nydailynews.com,Female,123.221.230.226
465,Moyna,Hartfleet,mhartfleetcw@instagram.com,Female,69.164.25.156
466,Salaidh,Sagg,ssaggcx@storify.com,Female,228.173.215.242
467,Sayre,Upton,suptoncy@salon.com,Female,176.46.117.93
468,Eben,Glasspoole,eglasspoolecz@yale.edu,Male,137.234.136.59
469,Devina,Flye,dflyed0@istockphoto.com,Female,126.58.126.155
470,Jodi,Panniers,jpanniersd1@123-reg.co.uk,Male,210.117.106.43
471,Berkie,Oakenfull,boakenfulld2@java.com,Male,199.118.87.173
472,Agretha,Caccavari,acaccavarid3@blogs.com,Female,116.231.214.136
473,Hillyer,Wolfendale,hwolfendaled4@slideshare.net,Male,254.251.187.109
474,Uri,Edworthy,uedworthyd5@facebook.com,Male,236.49.44.32
475,Corbie,MacShirrie,cmacshirried6@vinaora.com,Male,46.112.154.251
476,Annemarie,Cassel,acasseld7@jiathis.com,Female,186.198.147.126
477,Frank,McNysche,fmcnysched8@quantcast.com,Male,140.6.10.162
478,Jedd,Akast,jakastd9@time.com,Male,177.24.55.99
479,Ive,Ianni,iiannida@feedburner.com,Male,66.45.230.121
480,Kin,Pifford,kpifforddb@hostgator.com,Male,108.31.76.202
481,Diann,McCotter,dmccotterdc@goo.gl,Female,189.18.155.189
482,Nickolaus,Bulmer,nbulmerdd@cam.ac.uk,Male,210.49.243.213
483,Terra,Ossipenko,tossipenkode@opera.com,Female,238.236.204.159
484,Mara,MacCoveney,mmaccoveneydf@yandex.ru,Female,131.175.158.197
485,Georgianne,Lycett,glycettdg@reddit.com,Female,107.81.233.60
486,Doroteya,Ewen,dewendh@free.fr,Female,191.43.217.165
487,Sebastian,Trowle,strowledi@yahoo.co.jp,Genderqueer,10.71.134.149
488,Priscella,Doogan,pdoogandj@eventbrite.com,Female,198.197.114.72
489,Georas,Chavey,gchaveydk@biglobe.ne.jp,Male,97.20.161.207
490,Susanne,Matveiko,smatveikodl@rambler.ru,Female,101.225.140.196
491,Gallagher,Guisler,gguislerdm@webeden.co.uk,Male,42.110.237.115
492,Bernita,Lawes,blawesdn@elegantthemes.com,Female,51.171.101.182
493,Gan,Kiffe,gkiffedo@comsenz.com,Bigender,25.195.249.50
494,Earle,Lang,elangdp@bizjournals.com,Male,136.128.74.123
495,Ross,Goligher,rgoligherdq@apache.org,Male,162.184.251.87
496,Evyn,De Luna,edelunadr@un.org,Male,156.94.152.209
497,Halie,Mancktelow,hmancktelowds@home.pl,Female,16.116.60.144
498,Steffi,Boig,sboigdt@freewebs.com,Female,55.119.116.149
499,Gabriel,Stonehewer,gstonehewerdu@msu.edu,Female,54.155.154.241
500,Wat,Colbert,wcolbertdv@jigsy.com,Male,19.212.142.178
501,Nat,Snowdon,nsnowdondw@issuu.com,Female,15.36.192.252
502,Adham,Bodham,abodhamdx@blinklist.com,Male,45.137.222.131
503,Winslow,Flaunders,wflaundersdy@tamu.edu,Male,55.156.13.25
504,Noel,McDyer,nmcdyerdz@epa.gov,Female,246.234.19.53
505,Dunc,Hirjak,dhirjake0@ox.ac.uk,Male,116.69.80.156
506,Prentiss,Woodland,pwoodlande1@amazon.de,Male,52.176.133.86
507,Sanson,Hopkins,shopkinse2@si.edu,Male,124.80.75.56
508,Gerrard,Impy,gimpye3@bluehost.com,Male,158.100.135.171
509,Minette,Gettins,mgettinse4@moonfruit.com,Female,249.71.204.209
510,Mildred,Grimestone,mgrimestonee5@about.com,Female,58.191.113.255
511,Ab,Ilymanov,ailymanove6@cocolog-nifty.com,Male,196.86.121.73
512,Corilla,Renshall,crenshalle7@networksolutions.com,Female,106.57.167.124
513,Duane,Crayk,dcrayke8@tripod.com,Male,64.206.218.169
514,Alva,Rediers,aredierse9@symantec.com,Male,39.223.0.185
515,Johan,Langham,jlanghamea@topsy.com,Male,65.144.236.126
516,Karie,Bodicam,kbodicameb@addthis.com,Female,147.133.173.89
517,Reena,Hayes,rhayesec@godaddy.com,Female,245.6.116.80
518,Gonzales,Ronisch,gronisched@ifeng.com,Male,182.102.193.62
519,Maddie,Apperley,mapperleyee@addthis.com,Female,98.122.56.118
520,Gardner,Ickovits,gickovitsef@jigsy.com,Male,255.212.251.191
521,Kaylee,Hollebon,kholleboneg@cloudflare.com,Female,230.227.115.88
522,Codee,Merritt,cmerritteh@lulu.com,Female,190.96.227.137
523,Ewell,Goodered,egooderedei@pcworld.com,Male,111.243.34.69
524,Brandice,Karpe,bkarpeej@ed.gov,Female,233.199.149.111
525,Christyna,Masurel,cmasurelek@myspace.com,Female,142.60.199.96
526,Isabel,Willans,iwillansel@huffingtonpost.com,Female,147.42.231.34
527,Rhetta,Deener,rdeenerem@tumblr.com,Female,109.89.48.130
528,Frazer,Linkin,flinkinen@comsenz.com,Male,244.60.200.0
529,Maridel,Jakobsson,mjakobssoneo@dmoz.org,Female,221.31.174.53
530,Karlis,Roscow,kroscowep@cnn.com,Male,181.170.42.15
531,Hansiain,Plomer,hplomereq@google.fr,Male,102.109.197.155
532,Joni,Kulicke,jkulickeer@last.fm,Non-binary,235.125.65.124
533,Wildon,MacKay,wmackayes@paginegialle.it,Male,179.71.205.196
534,Josefa,Henworth,jhenworthet@ed.gov,Female,70.209.13.242
535,Claudelle,Michiel,cmichieleu@oakley.com,Female,227.208.205.161
536,Wally,Dollin,wdollinev@domainmarket.com,Female,244.152.50.11
537,Truda,Hickeringill,thickeringillew@gizmodo.com,Female,11.110.59.45
538,Mara,Piggot,mpiggotex@rakuten.co.jp,Female,59.11.245.176
539,Bobby,Culpen,bculpeney@walmart.com,Female,191.217.243.77
540,Shelden,Walisiak,swalisiakez@soundcloud.com,Male,45.220.174.223
541,Blondy,Gobel,bgobelf0@cloudflare.com,Female,103.189.232.125
542,Carmella,Lawler,clawlerf1@paypal.com,Female,239.123.96.54
543,De witt,Feldmesser,dfeldmesserf2@dedecms.com,Male,39.239.22.4
544,Jeni,Hastelow,jhastelowf3@diigo.com,Female,185.60.195.109
545,Deane,Clineck,dclineckf4@cnet.com,Male,187.240.30.54
546,Vance,Rosenbloom,vrosenbloomf5@usa.gov,Male,116.70.173.65
547,Johannah,Toleman,jtolemanf6@walmart.com,Female,168.246.121.98
548,Philly,Rous,prousf7@yahoo.co.jp,Female,129.155.232.184
549,Valentin,Buckleigh,vbuckleighf8@indiegogo.com,Male,208.205.74.65
550,Berkie,Monan,bmonanf9@toplist.cz,Male,205.183.92.140
551,Ali,Parres,aparresfa@jigsy.com,Female,109.201.26.110
552,Elton,Van Leeuwen,evanleeuwenfb@telegraph.co.uk,Male,96.15.172.156
553,Sallee,Lippatt,slippattfc@craigslist.org,Female,96.72.78.161
554,Alexis,Wikey,awikeyfd@arizona.edu,Male,217.119.218.162
555,Maribel,Dufore,mduforefe@auda.org.au,Female,190.119.63.193
556,Westleigh,John,wjohnff@jalbum.net,Male,182.93.157.36
557,Zonnya,Domerque,zdomerquefg@pagesperso-orange.fr,Female,88.146.176.249
558,Harlen,Giorgiutti,hgiorgiuttifh@hud.gov,Male,82.93.21.99
559,Lawry,Winspeare,lwinspearefi@stumbleupon.com,Male,197.18.162.249
560,Patience,MacMenamin,pmacmenaminfj@economist.com,Genderfluid,32.91.6.150
561,Marlene,Bullocke,mbullockefk@gov.uk,Female,223.233.184.169
562,Byrle,Di Batista,bdibatistafl@mail.ru,Non-binary,185.221.243.189
563,Alberik,Birtle,abirtlefm@nsw.gov.au,Male,211.219.58.109
564,Tamra,Slott,tslottfn@cbsnews.com,Female,175.99.66.61
565,Nichole,Cawt,ncawtfo@liveinternet.ru,Male,77.28.210.182
566,Horacio,Walmsley,hwalmsleyfp@prweb.com,Male,92.14.251.84
567,Cordie,Liepina,cliepinafq@usa.gov,Bigender,30.15.184.134
568,Olvan,Colliard,ocolliardfr@wufoo.com,Male,231.67.52.148
569,Jessamine,Hegge,jheggefs@imdb.com,Female,247.245.173.121
570,Efrem,Petrolli,epetrollift@va.gov,Male,34.216.35.92
571,Mathilde,Schult,mschultfu@liveinternet.ru,Female,185.27.140.156
572,Roderic,Fryman,rfrymanfv@senate.gov,Male,42.239.44.72
573,Imogen,Hudd,ihuddfw@theguardian.com,Female,146.142.236.51
574,Frederich,Whiffin,fwhiffinfx@house.gov,Polygender,190.195.198.139
575,Joel,Vain,jvainfy@home.pl,Male,254.245.183.68
576,Teresa,Dormon,tdormonfz@theatlantic.com,Female,3.237.177.105
577,Claudell,Cradick,ccradickg0@discuz.net,Male,206.164.237.220
578,Vania,Imesen,vimeseng1@omniture.com,Bigender,203.228.211.141
579,Sutherland,Bennellick,sbennellickg2@1688.com,Male,23.106.14.175
580,Lyman,Nordass,lnordassg3@salon.com,Male,114.165.29.89
581,Tommie,MacLleese,tmaclleeseg4@youtube.com,Male,42.17.1.122
582,Beauregard,Ponter,bponterg5@technorati.com,Male,144.74.39.217
583,Cicely,Owenson,cowensong6@ucoz.ru,Female,200.35.128.91
584,Virge,O'Currine,vocurrineg7@tripod.com,Male,64.196.62.233
585,Tiler,Ebrall,tebrallg8@devhub.com,Male,34.87.209.228
586,Ashla,Castelot,acastelotg9@istockphoto.com,Female,102.120.155.109
587,Ulrikaumeko,Gosland,ugoslandga@nyu.edu,Female,82.6.156.235
588,Denise,Glozman,dglozmangb@loc.gov,Female,76.200.126.26
589,Patrick,Robben,probbengc@imageshack.us,Male,229.84.37.157
590,Justen,Radmore,jradmoregd@narod.ru,Male,147.72.116.59
591,Candi,Caltera,ccalterage@theglobeandmail.com,Female,230.7.229.182
592,Phip,Beminster,pbeminstergf@samsung.com,Male,251.205.173.194
593,Merralee,Goldson,mgoldsongg@state.tx.us,Female,165.247.198.90
594,Yasmin,Clifft,yclifftgh@acquirethisname.com,Female,212.93.236.83
595,Izak,Trevethan,itrevethangi@ftc.gov,Male,177.125.120.97
596,Codie,Harrigan,charrigangj@go.com,Female,127.8.1.13
597,Brand,Dagleas,bdagleasgk@ihg.com,Male,3.105.195.97
598,Linnell,Cusack,lcusackgl@example.com,Female,19.56.124.29
599,Stanly,Calyton,scalytongm@go.com,Male,157.237.170.125
600,Herb,Halford,hhalfordgn@slashdot.org,Male,137.221.116.17
601,Goober,Domaschke,gdomaschkego@boston.com,Male,113.180.59.108
602,Any,Stelfax,astelfaxgp@patch.com,Male,187.164.73.214
603,Allie,Foxen,afoxengq@tmall.com,Female,134.235.127.147
604,Kalvin,Flaunier,kflauniergr@dion.ne.jp,Male,8.203.66.126
605,Jermaine,Dollman,jdollmangs@parallels.com,Female,3.69.191.169
606,Lorna,Glancey,lglanceygt@aol.com,Female,174.31.177.33
607,Clio,Finneran,cfinnerangu@drupal.org,Female,30.5.70.224
608,Lynea,Grimmert,lgrimmertgv@soundcloud.com,Female,118.122.113.50
609,Alisun,Borris,aborrisgw@ftc.gov,Female,236.138.6.115
610,Astrix,Toffano,atoffanogx@nsw.gov.au,Female,137.224.229.176
611,Barde,Stoodale,bstoodalegy@123-reg.co.uk,Male,151.123.238.164
612,Eula,Matchett,ematchettgz@feedburner.com,Female,37.168.231.69
613,Liz,Conlaund,lconlaundh0@cafepress.com,Female,121.95.32.114
614,Carri,Yurtsev,cyurtsevh1@chronoengine.com,Female,24.246.147.199
615,Karel,Oloshkin,koloshkinh2@qq.com,Female,162.185.6.148
616,Boothe,Breyt,bbreyth3@istockphoto.com,Agender,244.64.189.215
617,Maggie,Dressell,mdressellh4@theatlantic.com,Female,149.30.102.216
618,Emmalynn,MacCaig,emaccaigh5@usnews.com,Female,142.91.71.252
619,Britt,McKune,bmckuneh6@yandex.ru,Female,130.132.9.72
620,Reynold,McKellar,rmckellarh7@myspace.com,Male,132.197.27.149
621,Tobey,Boston,tbostonh8@cpanel.net,Female,183.184.169.181
622,Paulie,Spears,pspearsh9@soup.io,Non-binary,159.213.57.200
623,Amie,Seegar,aseegarha@webs.com,Female,190.92.44.167
624,Courtney,Rosling,croslinghb@google.cn,Male,222.240.93.119
625,Wilow,Simonetto,wsimonettohc@prlog.org,Female,167.226.177.101
626,Roshelle,Simonutti,rsimonuttihd@oaic.gov.au,Female,132.77.197.172
627,Alameda,Clibbery,aclibberyhe@indiegogo.com,Female,147.75.230.202
628,Prudence,Drinnan,pdrinnanhf@forbes.com,Female,163.50.60.72
629,Corliss,Cristofolini,ccristofolinihg@engadget.com,Female,11.96.170.116
630,Base,Siemon,bsiemonhh@baidu.com,Male,95.68.81.9
631,Katine,Pedrielli,kpedriellihi@samsung.com,Female,221.131.31.186
632,Faulkner,Downage,fdownagehj@ed.gov,Male,9.122.60.75
633,Verna,McDougald,vmcdougaldhk@trellian.com,Female,69.180.24.129
634,Jordan,Reskelly,jreskellyhl@ucsd.edu,Male,171.132.127.152
635,Cindra,Easterling,ceasterlinghm@sphinn.com,Female,134.82.72.179
636,Welch,Loveard,wloveardhn@bluehost.com,Male,75.96.249.175
637,Jenica,Bisp,jbispho@msu.edu,Female,129.63.108.42
638,Carlene,Petchell,cpetchellhp@constantcontact.com,Female,249.237.164.1
639,Elwin,O'Farris,eofarrishq@whitehouse.gov,Male,135.247.51.0
640,Kincaid,Molfino,kmolfinohr@shop-pro.jp,Genderqueer,72.58.203.75
641,Ambrose,Dobie,adobiehs@umich.edu,Male,139.136.9.250
642,Kenyon,Attfield,kattfieldht@ehow.com,Male,80.126.75.181
643,Ardelle,Andrews,aandrewshu@auda.org.au,Female,85.78.4.252
644,Waiter,Malyj,wmalyjhv@psu.edu,Male,52.172.231.154
645,Brandy,Pilipyak,bpilipyakhw@google.com.br,Male,124.68.215.213
646,Mischa,Whellans,mwhellanshx@booking.com,Male,2.142.229.22
647,Lenci,Posse,lpossehy@elpais.com,Bigender,195.103.171.131
648,Leonerd,McCree,lmccreehz@alibaba.com,Male,150.184.37.52
649,Sanson,Stones,sstonesi0@tumblr.com,Male,92.31.193.110
650,Marlie,Wadwell,mwadwelli1@ox.ac.uk,Female,49.115.56.145
651,Jamaal,Schuricke,jschurickei2@buzzfeed.com,Male,102.80.107.59
652,Leanora,Hummerston,lhummerstoni3@seesaa.net,Female,39.147.105.177
653,Shir,Oakenfall,soakenfalli4@amazon.de,Female,161.17.50.121
654,Milli,Beumant,mbeumanti5@stumbleupon.com,Female,198.43.111.104
655,Tessi,Romeril,tromerili6@uiuc.edu,Female,248.139.14.69
656,Kirsti,Kinglake,kkinglakei7@sphinn.com,Female,237.173.176.22
657,Lesly,Sigg,lsiggi8@europa.eu,Female,29.243.167.66
658,Edith,Fishbourne,efishbournei9@nydailynews.com,Female,155.116.26.99
659,Simone,Tinwell,stinwellia@sphinn.com,Male,124.30.122.149
660,Annis,Kingswood,akingswoodib@biglobe.ne.jp,Female,184.113.231.112
661,Addison,Brackenridge,abrackenridgeic@intel.com,Male,71.188.5.121
662,Dennison,Badam,dbadamid@parallels.com,Male,188.130.219.147
663,Garnette,Babon,gbabonie@wikia.com,Female,132.62.170.255
664,Mureil,Crilly,mcrillyif@multiply.com,Female,239.139.163.51
665,Avram,Lockart,alockartig@columbia.edu,Male,102.61.80.184
666,Kirk,Ridde,kriddeih@mail.ru,Genderqueer,91.30.191.251
667,Jerry,Kettles,jkettlesii@yahoo.co.jp,Female,163.9.178.59
668,Weston,Danaher,wdanaherij@zimbio.com,Genderfluid,14.193.1.221
669,Robinett,Beatty,rbeattyik@wp.com,Female,10.66.21.82
670,Daveta,Darrow,ddarrowil@umich.edu,Female,225.209.223.185
671,Jaime,Salzen,jsalzenim@marriott.com,Female,169.128.187.32
672,Nanice,Knight,nknightin@sina.com.cn,Female,247.74.182.11
673,Korella,Gayforth,kgayforthio@cnn.com,Female,253.135.76.53
674,Lonnie,Klesse,lklesseip@ed.gov,Polygender,50.106.15.207
675,Tyson,Crunden,tcrundeniq@omniture.com,Male,46.49.185.151
676,Leif,Jendrys,ljendrysir@webmd.com,Male,17.37.10.227
677,Ewart,Klein,ekleinis@sakura.ne.jp,Bigender,87.75.135.237
678,Haven,Hattrick,hhattrickit@seesaa.net,Male,214.67.156.232
679,Joelly,Biesinger,jbiesingeriu@msn.com,Female,44.219.211.98
680,Barn,Halewood,bhalewoodiv@blinklist.com,Polygender,60.126.222.39
681,Sari,Zavattiero,szavattieroiw@bing.com,Female,185.160.42.253
682,Maison,Jallin,mjallinix@imgur.com,Male,185.21.74.45
683,Rea,Talman,rtalmaniy@gmpg.org,Female,76.201.34.172
684,Vincent,Rickarsey,vrickarseyiz@nature.com,Polygender,132.169.75.224
685,Sabine,Basset,sbassetj0@bravesites.com,Female,122.23.14.60
686,Casandra,Sylvester,csylvesterj1@gov.uk,Female,174.206.6.45
687,Essy,Cowpertwait,ecowpertwaitj2@wikispaces.com,Non-binary,105.42.144.83
688,Isabelita,Couttes,icouttesj3@360.cn,Female,75.107.114.76
689,Erl,Crysell,ecrysellj4@patch.com,Bigender,32.242.183.65
690,Dalenna,Treske,dtreskej5@state.gov,Female,190.146.226.111
691,Salomi,Roxbee,sroxbeej6@stumbleupon.com,Female,137.5.57.124
692,Bibbie,Ventris,bventrisj7@shop-pro.jp,Female,161.131.243.97
693,Daven,Clipston,dclipstonj8@devhub.com,Bigender,2.40.4.144
694,Lynnette,Sakins,lsakinsj9@examiner.com,Female,24.103.1.47
695,Hagen,Rosso,hrossoja@networkadvertising.org,Male,219.147.212.194
696,Walliw,Dewis,wdewisjb@google.pl,Female,7.164.187.116
697,Enrica,Gillian,egillianjc@state.gov,Bigender,49.180.243.221
698,Jervis,Shewring,jshewringjd@unc.edu,Male,226.4.216.216
699,Dalli,Pidwell,dpidwellje@xing.com,Male,213.191.155.93
700,Geoffry,O'Day,godayjf@goo.ne.jp,Male,128.150.101.7
701,Ree,Wheelwright,rwheelwrightjg@va.gov,Female,60.185.176.181
702,Lon,Frankowski,lfrankowskijh@etsy.com,Male,94.214.30.23
703,Nikolos,Heaney`,nheaneyji@netscape.com,Male,191.98.85.254
704,Sollie,Rioch,sriochjj@free.fr,Male,129.44.52.195
705,Shanon,Hawkswood,shawkswoodjk@bbb.org,Female,247.78.139.92
706,Corena,Makepeace,cmakepeacejl@tripadvisor.com,Female,23.1.97.174
707,Andrei,Caddock,acaddockjm@phoca.cz,Female,247.238.20.29
708,Huberto,Dechelette,hdechelettejn@discuz.net,Male,196.21.148.207
709,Fredrick,Brikner,fbriknerjo@netlog.com,Male,255.32.92.45
710,Kenton,Fyfe,kfyfejp@dell.com,Male,100.80.64.51
711,Loren,Eliet,lelietjq@mapy.cz,Male,152.87.44.125
712,Legra,Chesnut,lchesnutjr@psu.edu,Female,34.126.209.135
713,Florinda,Daniaud,fdaniaudjs@army.mil,Female,72.111.238.43
714,Elisabetta,Gooderridge,egooderridgejt@biblegateway.com,Female,148.52.49.251
715,Herbert,Silverthorne,hsilverthorneju@howstuffworks.com,Male,184.76.234.166
716,Petey,Whiteford,pwhitefordjv@woothemes.com,Male,62.206.135.122
717,Henri,McIlharga,hmcilhargajw@narod.ru,Male,147.106.61.19
718,Wallis,Martonfi,wmartonfijx@sourceforge.net,Male,23.114.120.162
719,Nichole,Micheau,nmicheaujy@hugedomains.com,Female,105.253.209.252
720,Rolph,Allebone,rallebonejz@twitpic.com,Male,75.164.207.33
721,Winny,Doumerc,wdoumerck0@squarespace.com,Male,102.240.26.121
722,Monah,Winham,mwinhamk1@github.io,Female,106.92.212.104
723,Jarrad,Ellyatt,jellyattk2@howstuffworks.com,Male,208.123.242.30
724,Rad,Taffie,rtaffiek3@domainmarket.com,Male,53.104.171.72
725,Dietrich,Storah,dstorahk4@geocities.com,Male,232.137.4.13
726,Seka,Bezant,sbezantk5@cdc.gov,Female,168.29.48.200
727,Tiffanie,Gretton,tgrettonk6@ftc.gov,Female,185.12.85.69
728,Horacio,Furniss,hfurnissk7@umich.edu,Male,98.94.47.238
729,Eduard,Emsden,eemsdenk8@hc360.com,Male,169.230.59.148
730,Esmeralda,Piborn,epibornk9@bravesites.com,Female,230.17.13.4
731,Fanni,Bodycote,fbodycoteka@ebay.co.uk,Female,136.198.47.96
732,Stephenie,Dobbinson,sdobbinsonkb@networksolutions.com,Female,171.102.57.236
733,Gradey,Craydon,gcraydonkc@amazon.co.uk,Male,79.215.22.165
734,Matthiew,Austick,maustickkd@chronoengine.com,Male,70.4.136.243
735,Rainer,Tuxell,rtuxellke@ning.com,Polygender,42.15.190.123
736,Roseanne,Rallinshaw,rrallinshawkf@usda.gov,Female,137.249.254.140
737,Maitilde,Honisch,mhonischkg@earthlink.net,Female,88.40.252.244
738,Sonny,Elloway,sellowaykh@creativecommons.org,Female,186.15.238.111
739,Barth,Berthe,bbertheki@unc.edu,Male,94.139.183.129
740,Hubey,Goldby,hgoldbykj@aboutads.info,Male,116.10.110.148
741,Leo,Lindman,llindmankk@nationalgeographic.com,Male,16.113.244.17
742,Tamera,Vertey,tverteykl@canalblog.com,Female,165.62.191.163
743,Shirline,Pietraszek,spietraszekkm@yandex.ru,Female,84.9.27.197
744,Aeriel,Aldham,aaldhamkn@wsj.com,Female,142.252.73.5
745,Myrah,Grishelyov,mgrishelyovko@mac.com,Female,171.252.68.2
746,Maryjane,Pasque,mpasquekp@delicious.com,Female,141.250.104.249
747,Reinhard,Denisovich,rdenisovichkq@printfriendly.com,Male,238.212.208.33
748,Pieter,Hosburn,phosburnkr@de.vu,Genderqueer,15.98.195.53
749,Natasha,Thame,nthameks@bbb.org,Non-binary,11.133.240.117
750,Alessandra,Bavin,abavinkt@goo.gl,Female,27.42.161.86
751,Gladys,Fulmen,gfulmenku@hp.com,Female,13.179.121.141
752,Jamill,Gisbye,jgisbyekv@mail.ru,Male,167.192.203.22
753,Layne,Fields,lfieldskw@bloglines.com,Female,4.14.180.1
754,Rahel,Carbin,rcarbinkx@homestead.com,Female,74.201.149.81
755,Allina,Beumant,abeumantky@google.com.br,Female,246.82.170.56
756,Billy,Ready,breadykz@devhub.com,Male,73.114.205.237
757,Yevette,Bortol,ybortoll0@upenn.edu,Female,208.123.158.15
758,Kyla,Crampsey,kcrampseyl1@hibu.com,Female,7.48.96.120
759,Helaine,Snel,hsnell2@pagesperso-orange.fr,Female,101.171.185.183
760,Chelsea,Biggerdike,cbiggerdikel3@ebay.com,Female,225.103.24.253
761,Stanton,Wensley,swensleyl4@virginia.edu,Male,182.121.103.15
762,Nell,Sandy,nsandyl5@whitehouse.gov,Female,43.36.100.152
763,Ray,Esler,reslerl6@drupal.org,Female,39.249.157.148
764,Cristionna,Reichert,creichertl7@illinois.edu,Female,65.50.17.117
765,Martica,Matanin,mmataninl8@auda.org.au,Female,107.116.222.234
766,Sansone,Jennrich,sjennrichl9@technorati.com,Male,227.65.66.143
767,Truda,Goodinge,tgoodingela@goo.ne.jp,Female,31.96.126.26
768,Tanny,Plenderleith,tplenderleithlb@ed.gov,Male,70.199.128.235
769,Estrella,Richens,erichenslc@ehow.com,Female,228.85.175.198
770,Ashil,Felderer,afeldererld@sciencedaily.com,Female,145.229.100.52
771,Kerby,Jobbings,kjobbingsle@typepad.com,Male,104.11.213.197
772,Shelly,Knapp,sknapplf@surveymonkey.com,Female,101.182.12.71
773,Karel,Yewen,kyewenlg@a8.net,Female,242.248.197.93
774,Ulrick,Kaufman,ukaufmanlh@sina.com.cn,Male,16.30.130.84
775,Kassandra,Ible,kibleli@storify.com,Female,191.142.13.183
776,Reena,Bohlsen,rbohlsenlj@jigsy.com,Female,109.182.169.18
777,Sarette,Creber,screberlk@livejournal.com,Female,224.31.236.113
778,Demetri,MacCartney,dmaccartneyll@smh.com.au,Male,161.133.48.63
779,Estele,Pim,epimlm@squarespace.com,Female,92.83.55.28
780,Rosabel,Moreby,rmorebyln@shutterfly.com,Female,150.174.222.209
781,Karole,Leupold,kleupoldlo@msn.com,Female,133.132.136.45
782,Nappy,Kreutzer,nkreutzerlp@jigsy.com,Male,78.6.211.251
783,Kathy,Gillford,kgillfordlq@naver.com,Bigender,238.26.236.244
784,Jess,Zecchi,jzecchilr@fc2.com,Male,33.223.176.230
785,Mary,Rubenchik,mrubenchikls@census.gov,Female,27.30.26.35
786,Edlin,Giacaponi,egiacaponilt@eventbrite.com,Male,146.210.129.109
787,Amanda,Durie,adurielu@storify.com,Female,147.65.101.138
788,Levey,Bexon,lbexonlv@rediff.com,Male,251.214.92.54
789,Karney,Menaul,kmenaullw@redcross.org,Male,19.190.203.79
790,Dyann,MacAlister,dmacalisterlx@reverbnation.com,Female,94.101.255.220
791,Merrily,Dunkinson,mdunkinsonly@google.nl,Genderqueer,241.180.164.248
792,Chane,Tineman,ctinemanlz@cloudflare.com,Male,166.92.221.42
793,Joella,Crack,jcrackm0@cargocollective.com,Female,220.228.41.29
794,Netti,Kenealy,nkenealym1@issuu.com,Female,7.182.12.213
795,Aksel,Cole,acolem2@com.com,Male,235.119.205.163
796,Stillmann,Fordham,sfordhamm3@cdbaby.com,Male,14.227.59.0
797,L;urette,Gwilliams,lgwilliamsm4@dmoz.org,Non-binary,248.226.205.155
798,Ailis,Ehrat,aehratm5@va.gov,Female,95.211.251.4
799,Bronson,Dabourne,bdabournem6@narod.ru,Genderfluid,95.76.216.56
800,Stephana,Newland,snewlandm7@ihg.com,Female,20.226.33.55
801,Eveleen,d'Escoffier,edescoffierm8@wix.com,Female,163.6.9.186
802,Kylila,Jaggi,kjaggim9@ca.gov,Female,157.46.62.5
803,Dolf,Barringer,dbarringerma@salon.com,Male,117.223.56.102
804,Lynn,O' Sullivan,losullivanmb@walmart.com,Female,96.126.150.106
805,Kenna,Mourant,kmourantmc@europa.eu,Female,4.49.145.28
806,Joeann,Fradgley,jfradgleymd@tinypic.com,Female,189.62.42.93
807,Waylan,Burchnall,wburchnallme@google.es,Male,138.33.3.88
808,Perl,Kinny,pkinnymf@acquirethisname.com,Female,83.189.247.215
809,Ansel,Dradey,adradeymg@fastcompany.com,Male,56.21.161.99
810,Glori,Carragher,gcarraghermh@bloglines.com,Female,23.129.233.125
811,Wilmette,Kabsch,wkabschmi@cocolog-nifty.com,Female,198.51.180.115
812,Sherry,Melville,smelvillemj@wordpress.com,Female,225.7.94.155
813,Bonnee,Sheaf,bsheafmk@tmall.com,Female,93.138.127.170
814,Gerti,Masser,gmasserml@ovh.net,Female,213.169.223.126
815,Violet,Flindall,vflindallmm@hibu.com,Female,181.59.235.217
816,Juliane,Symon,jsymonmn@ask.com,Female,196.115.217.100
817,Bronny,Bidewel,bbidewelmo@myspace.com,Male,31.135.75.26
818,Alastair,Willcox,awillcoxmp@yale.edu,Male,85.2.35.26
819,Joelle,Radage,jradagemq@businesswire.com,Female,48.73.195.193
820,Nickolas,Faucherand,nfaucherandmr@accuweather.com,Male,185.229.169.38
821,Tobit,Gosland,tgoslandms@google.co.jp,Male,189.98.221.60
822,Lorrie,Drought,ldroughtmt@biblegateway.com,Female,230.113.97.238
823,Major,Emery,memerymu@adobe.com,Male,86.38.57.182
824,Flossi,Kleisel,fkleiselmv@goo.gl,Female,81.4.29.17
825,Janaya,Nucciotti,jnucciottimw@hostgator.com,Female,141.160.49.76
826,Vincenty,Rozenzweig,vrozenzweigmx@list-manage.com,Male,218.33.153.193
827,Imojean,Spur,ispurmy@sohu.com,Genderfluid,234.217.145.142
828,Tierney,Hambling,thamblingmz@sogou.com,Female,225.46.183.152
829,Sly,Bricksey,sbrickseyn0@mysql.com,Male,153.26.224.136
830,Evania,Aisman,eaismann1@guardian.co.uk,Female,168.71.46.230
831,Odilia,Hardcastle,ohardcastlen2@europa.eu,Female,242.120.150.155
832,Lionel,Pimme,lpimmen3@dagondesign.com,Male,112.12.207.244
833,Rosanna,Rushton,rrushtonn4@indiatimes.com,Female,71.201.25.131
834,Denyse,Wilshere,dwilsheren5@fda.gov,Female,199.220.155.136
835,Avril,Kelmere,akelmeren6@scientificamerican.com,Female,106.167.183.86
836,Rica,Long,rlongn7@cdc.gov,Female,24.97.71.106
837,Cissiee,Barnsley,cbarnsleyn8@ask.com,Female,29.1.86.0
838,Kirby,Catherine,kcatherinen9@unblog.fr,Female,225.206.3.162
839,Danica,Presser,dpresserna@woothemes.com,Female,228.14.148.67
840,Bert,Brandacci,bbrandaccinb@cocolog-nifty.com,Male,145.161.195.130
841,Nadia,Yukhnevich,nyukhnevichnc@digg.com,Female,91.16.84.88
842,Pietro,Stoade,pstoadend@technorati.com,Male,136.16.81.146
843,Micah,Andrieux,mandrieuxne@tinypic.com,Male,164.137.113.33
844,Bonny,Forryan,bforryannf@nba.com,Female,224.106.170.223
845,Benson,Brik,bbrikng@addtoany.com,Male,179.200.60.15
846,Denys,Bullion,dbullionnh@mapy.cz,Male,12.237.102.133
847,Nicolina,Sousa,nsousani@patch.com,Female,176.71.172.213
848,Arvy,Habbema,ahabbemanj@merriam-webster.com,Male,254.145.188.182
849,Noella,Crossingham,ncrossinghamnk@tuttocitta.it,Female,87.32.233.67
850,Anestassia,Jellicorse,ajellicorsenl@t.co,Female,22.44.225.140
851,Eldon,Treacher,etreachernm@dailymotion.com,Male,132.60.85.52
852,Kandace,Brierley,kbrierleynn@icq.com,Female,56.183.79.3
853,Ashla,Grigsby,agrigsbyno@cam.ac.uk,Female,203.55.160.193
854,Nana,Blazeby,nblazebynp@cdbaby.com,Female,201.194.34.195
855,Abdul,Tunder,atundernq@patch.com,Male,86.96.71.240
856,Staci,Pannaman,spannamannr@biblegateway.com,Female,67.156.6.75
857,Gavin,Mulvany,gmulvanyns@woothemes.com,Male,52.246.45.40
858,Colver,Leeds,cleedsnt@yellowpages.com,Male,43.166.40.29
859,Pen,Branch,pbranchnu@irs.gov,Male,73.109.75.84
860,Yalonda,Basek,ybaseknv@yahoo.com,Genderfluid,103.94.5.117
861,Tailor,Broxholme,tbroxholmenw@economist.com,Male,201.192.153.142
862,Willie,Reisk,wreisknx@sfgate.com,Female,21.45.83.108
863,Shawnee,Lisle,slisleny@sciencedaily.com,Female,229.220.229.30
864,Ginevra,Mullen,gmullennz@list-manage.com,Female,94.84.248.160
865,Rozamond,Esslement,resslemento0@state.gov,Female,171.145.231.171
866,Margit,Yushkin,myushkino1@wikia.com,Female,49.80.131.180
867,Melinda,Silverlock,msilverlocko2@altervista.org,Female,238.46.194.209
868,Waylan,Brunet,wbruneto3@mysql.com,Male,201.11.43.184
869,Gisella,Blaydes,gblaydeso4@icio.us,Non-binary,123.129.193.91
870,Winfield,Bramall,wbramallo5@google.es,Male,146.240.66.197
871,Kai,Vanacci,kvanaccio6@yandex.ru,Female,34.81.233.245
872,Charlena,Crellin,ccrellino7@goo.ne.jp,Female,74.251.58.70
873,Onfre,Poynor,opoynoro8@ebay.com,Male,145.156.167.127
874,Inger,McLelland,imclellando9@dell.com,Male,224.241.141.32
875,Charleen,Lamb,clamboa@comsenz.com,Female,185.230.43.251
876,Georgeta,Stuchbury,gstuchburyob@shinystat.com,Genderqueer,150.19.87.73
877,Dilly,Sacaze,dsacazeoc@sina.com.cn,Male,34.199.22.39
878,Darci,Burridge,dburridgeod@com.com,Genderfluid,92.151.215.36
879,Nappy,Waghorn,nwaghornoe@apache.org,Male,28.251.129.22
880,Louella,Hembrow,lhembrowof@ezinearticles.com,Female,58.16.252.234
881,Arly,Blockley,ablockleyog@ovh.net,Female,57.196.52.232
882,Sara,McGarvie,smcgarvieoh@cyberchimps.com,Non-binary,44.149.27.5
883,Pippy,Passmore,ppassmoreoi@boston.com,Female,224.67.157.177
884,Mavra,Docker,mdockeroj@squarespace.com,Female,217.233.151.99
885,Aharon,Fellman,afellmanok@wikia.com,Male,31.96.15.135
886,Ewan,Easterby,eeasterbyol@parallels.com,Male,249.98.29.2
887,Salli,Chaunce,schaunceom@loc.gov,Agender,63.108.94.222
888,Clarissa,Buckeridge,cbuckeridgeon@irs.gov,Female,200.70.86.247
889,Kaja,Catchpole,kcatchpoleoo@nationalgeographic.com,Female,182.43.193.75
890,Joellyn,Fedorski,jfedorskiop@indiegogo.com,Genderqueer,76.143.164.47
891,Chrissie,Swift,cswiftoq@de.vu,Female,118.157.228.17
892,Caroljean,Baverstock,cbaverstockor@51.la,Female,125.131.155.158
893,Gil,Fagge,gfaggeos@myspace.com,Male,172.245.209.72
894,Eloise,Pressnell,epressnellot@list-manage.com,Female,11.136.255.136
895,Burnaby,Anyene,banyeneou@washingtonpost.com,Genderqueer,56.210.50.249
896,Dot,Fenix,dfenixov@google.com.hk,Female,159.185.148.93
897,Benedict,Struis,bstruisow@posterous.com,Male,239.16.250.173
898,Elladine,Phorsby,ephorsbyox@xing.com,Female,58.97.62.197
899,Aldrich,Magog,amagogoy@google.cn,Male,242.154.117.206
900,Lammond,Mifflin,lmifflinoz@columbia.edu,Male,44.221.155.21
901,Melisenda,Kippen,mkippenp0@gov.uk,Female,169.54.198.161
902,Giovanna,Van Saltsberg,gvansaltsbergp1@disqus.com,Female,207.86.106.24
903,Vonnie,Robel,vrobelp2@domainmarket.com,Female,152.225.89.249
904,Ivory,Ernshaw,iernshawp3@hao123.com,Female,231.28.110.222
905,Kayley,Kenworthey,kkenwortheyp4@facebook.com,Female,46.231.198.85
906,Dotti,Clendennen,dclendennenp5@ocn.ne.jp,Female,209.146.48.161
907,Elissa,Cunliffe,ecunliffep6@fotki.com,Female,83.141.238.253
908,Carmelina,Simony,csimonyp7@icio.us,Female,38.211.45.20
909,Saunders,Turle,sturlep8@bloglines.com,Male,95.63.249.58
910,Harmon,Arlow,harlowp9@uol.com.br,Male,64.178.174.46
911,Lani,Osment,losmentpa@nyu.edu,Female,154.223.17.211
912,Gram,Needham,gneedhampb@dot.gov,Male,69.108.230.88
913,Stanislas,Ketts,skettspc@cam.ac.uk,Male,131.26.207.149
914,Konrad,McCreadie,kmccreadiepd@list-manage.com,Male,69.121.17.76
915,Carolynn,Champken,cchampkenpe@youtu.be,Female,13.251.172.143
916,Gwendolin,Munning,gmunningpf@reuters.com,Female,180.57.80.189
917,Gweneth,Chesterfield,gchesterfieldpg@indiatimes.com,Female,168.126.212.241
918,Claudelle,Delacroix,cdelacroixph@theatlantic.com,Female,114.169.9.94
919,Nichole,Leavens,nleavenspi@macromedia.com,Polygender,29.248.253.87
920,Elsworth,Hurlin,ehurlinpj@msu.edu,Male,69.26.21.177
921,Aluino,Bugge,abuggepk@amazon.co.jp,Male,201.160.36.127
922,Alida,Concannon,aconcannonpl@domainmarket.com,Female,130.218.28.31
923,Chane,Gogan,cgoganpm@moonfruit.com,Male,94.114.17.219
924,Deane,Doulden,ddouldenpn@seattletimes.com,Female,231.47.173.115
925,Val,Darley,vdarleypo@google.cn,Male,152.248.136.0
926,Danita,Grinaugh,dgrinaughpp@theglobeandmail.com,Female,28.178.4.56
927,Basile,McKillop,bmckilloppq@simplemachines.org,Male,92.199.52.253
928,Willis,Beeble,wbeeblepr@wisc.edu,Male,234.9.171.216
929,Christophe,Babin,cbabinps@house.gov,Male,43.173.179.243
930,Muffin,O'Nolan,monolanpt@odnoklassniki.ru,Female,108.38.172.226
931,Philippine,Kliche,pklichepu@sakura.ne.jp,Female,232.102.29.19
932,Merlina,Barabich,mbarabichpv@tripod.com,Female,46.42.214.35
933,Bogart,Wilstead,bwilsteadpw@zdnet.com,Male,209.61.196.246
934,Dianne,Tofpik,dtofpikpx@clickbank.net,Female,97.114.164.176
935,Jamie,Saggs,jsaggspy@networksolutions.com,Female,56.210.156.223
936,Trace,Mortimer,tmortimerpz@goodreads.com,Male,132.107.196.178
937,Lauretta,Grouer,lgrouerq0@bbb.org,Female,167.9.183.155
938,Bettine,Yardley,byardleyq1@tripod.com,Female,181.212.145.38
939,Ransell,Barehead,rbareheadq2@intel.com,Polygender,211.123.250.204
940,Elonore,Franzman,efranzmanq3@nationalgeographic.com,Female,82.223.242.192
941,Randi,Leet,rleetq4@google.ca,Bigender,0.42.70.1
942,Rory,Lundberg,rlundbergq5@google.cn,Female,23.158.53.162
943,Mariann,Krabbe,mkrabbeq6@pagesperso-orange.fr,Female,214.207.65.252
944,Esta,Geraldini,egeraldiniq7@bravesites.com,Female,6.34.130.167
945,Cyndia,Hendrickson,chendricksonq8@whitehouse.gov,Non-binary,162.46.63.159
946,Broddy,Seacombe,bseacombeq9@spotify.com,Male,234.2.183.245
947,Mick,Erbain,merbainqa@ftc.gov,Male,194.64.144.235
948,Beatrix,Brogden,bbrogdenqb@qq.com,Female,61.224.12.164
949,Urbanus,Tuhy,utuhyqc@unicef.org,Male,60.2.183.7
950,Maddy,Zienkiewicz,mzienkiewiczqd@gizmodo.com,Female,248.249.178.67
951,Conni,Fardon,cfardonqe@usatoday.com,Female,249.160.91.40
952,Lanni,Hirjak,lhirjakqf@edublogs.org,Female,121.181.116.240
953,Rubie,Morrid,rmorridqg@oakley.com,Female,24.182.91.150
954,Linet,Buchan,lbuchanqh@forbes.com,Female,175.207.183.195
955,Alair,Ditchfield,aditchfieldqi@businessweek.com,Polygender,39.54.102.218
956,Rory,Astell,rastellqj@blinklist.com,Male,37.200.196.203
957,Jorey,Sherwill,jsherwillqk@ezinearticles.com,Agender,151.241.20.169
958,Tim,McVrone,tmcvroneql@sciencedaily.com,Female,38.172.170.232
959,Rhys,Prosh,rproshqm@webs.com,Male,191.229.160.234
960,Lacey,Jaze,ljazeqn@angelfire.com,Female,174.37.122.152
961,Karia,Northwood,knorthwoodqo@skype.com,Female,111.101.179.189
962,Ansel,Slora,asloraqp@deliciousdays.com,Male,3.211.62.127
963,Lexis,De Santos,ldesantosqq@edublogs.org,Female,117.76.189.103
964,Ram,Boyland,rboylandqr@msu.edu,Male,172.253.46.146
965,Lurline,Heffy,lheffyqs@skyrock.com,Female,243.8.236.45
966,Robena,Dominichelli,rdominichelliqt@dagondesign.com,Female,47.237.112.18
967,Winn,Calabry,wcalabryqu@nifty.com,Male,202.150.38.4
968,Rosco,Alexsandrovich,ralexsandrovichqv@ifeng.com,Male,8.209.146.31
969,Florian,Cartin,fcartinqw@house.gov,Male,33.219.97.54
970,Zelig,Macklin,zmacklinqx@altervista.org,Male,181.191.236.175
971,Janelle,McConnulty,jmcconnultyqy@who.int,Genderfluid,252.151.169.61
972,Lazar,Raccio,lraccioqz@com.com,Genderfluid,223.123.111.154
973,Sigismond,Domino,sdominor0@microsoft.com,Male,133.180.245.76
974,Devon,Cowburn,dcowburnr1@lycos.com,Female,231.54.136.73
975,Clotilda,Seviour,cseviourr2@blogger.com,Female,133.180.197.109
976,Everard,Dimblebee,edimblebeer3@whitehouse.gov,Male,234.197.42.27
977,Hillie,Clouston,hcloustonr4@surveymonkey.com,Male,110.19.237.24
978,Darcey,Carbery,dcarberyr5@rakuten.co.jp,Female,245.132.100.30
979,Dimitry,Lighten,dlightenr6@freewebs.com,Male,29.169.44.143
980,Alys,Pomphrett,apomphrettr7@over-blog.com,Female,68.238.122.247
981,Tannie,Stoyle,tstoyler8@photobucket.com,Male,21.64.83.133
982,Jessalyn,Nathan,jnathanr9@ucsd.edu,Female,2.87.77.127
983,Abigail,Bartalini,abartalinira@seesaa.net,Female,163.39.96.170
984,Odette,Moyse,omoyserb@geocities.jp,Female,201.135.190.132
985,Valerye,Fonteyne,vfonteynerc@booking.com,Female,183.113.37.124
986,Wandie,Pavy,wpavyrd@nature.com,Female,14.73.152.221
987,Warren,Lemerie,wlemeriere@buzzfeed.com,Male,39.114.71.209
988,Carolan,Kike,ckikerf@bloglines.com,Female,153.177.31.170
989,Albina,Vedekhov,avedekhovrg@topsy.com,Female,156.124.196.249
990,Kiley,Woodcock,kwoodcockrh@naver.com,Female,162.150.173.102
991,Raquela,Lane,rlaneri@answers.com,Female,235.8.194.252
992,Tannie,Tweedell,ttweedellrj@constantcontact.com,Bigender,210.212.128.228
993,Gilligan,Popland,gpoplandrk@biglobe.ne.jp,Female,16.180.207.175
994,Sofie,Rassmann,srassmannrl@walmart.com,Female,68.105.63.78
995,Joleen,Frill,jfrillrm@theglobeandmail.com,Female,141.124.208.214
996,Tadeo,Bobasch,tbobaschrn@biglobe.ne.jp,Male,84.106.56.176
997,Rickie,Nannetti,rnannettiro@plala.or.jp,Male,209.224.116.65
998,Mikkel,Croy,mcroyrp@netscape.com,Male,81.86.158.48
999,Andre,Polding,apoldingrq@berkeley.edu,Male,167.210.124.222
1000,Reeva,Bleue,rbleuerr@mediafire.com,Female,229.51.214.189
